11,33,CMP2100,多彩１,イスラームの世界,青木　健,春,1,1,8202,1,2016年度以降1年次入学者対象科目,https://sy.rikkyo.ac.jp/timetable/slbssbdr.do?value(risyunen)=2017&value(semekikn)=1&value(kougicd)=FA106&value(crclumcd)=
11,33,CMP2300,多彩３/主総Ａ３,キリスト教美術,黒岩　三恵,秋,1,1,MB01,1,nil,https://sy.rikkyo.ac.jp/timetable/slbssbdr.do?value(risyunen)=2017&value(semekikn)=1&value(kougicd)=FC123&value(crclumcd)=
11,33,CMP1100,学び精神,グローバル社会での平和構築,堀　芳枝,春,1,1,D401,1,2016年度以降1年次入学者対象科目,https://sy.rikkyo.ac.jp/timetable/slbssbdr.do?value(risyunen)=2017&value(semekikn)=1&value(kougicd)=FH165&value(crclumcd)=
11,33,CMP2500,多彩５/主Ａ５,情報科学Ａ,佐藤　尚,秋,1,1,8202,1,2006年度以降1年次入学者対象科目,https://sy.rikkyo.ac.jp/timetable/slbssbdr.do?value(risyunen)=2017&value(semekikn)=1&value(kougicd)=FE125&value(crclumcd)=
11,33,CMP2200,多彩２/主総Ａ２,市民活動の組織とマネジメント,原田　晃樹,秋,1,1,1202,1,nil,https://sy.rikkyo.ac.jp/timetable/slbssbdr.do?value(risyunen)=2017&value(semekikn)=1&value(kougicd)=FB132&value(crclumcd)=
11,33,CMP2100,多彩１/主総Ａ１,スペイン語圏の文化,飯島　みどり,秋,1,1,N323,2,nil,https://sy.rikkyo.ac.jp/timetable/slbssbdr.do?value(risyunen)=2017&value(semekikn)=1&value(kougicd)=FA026&value(crclumcd)=
11,33,CMP1220,スポーツ,スポーツスタディ２(セルフケア・エクササイズ),大石　友子,春,1,1,NTE1,2,nil,https://sy.rikkyo.ac.jp/timetable/slbssbdr.do?value(risyunen)=2017&value(semekikn)=1&value(kougicd)=FI701&value(crclumcd)=
11,33,CMP1220,スポーツ,スポーツスタディ２(トレーニング),岡田　純一,春,1,1,PB12,1,nil,https://sy.rikkyo.ac.jp/timetable/slbssbdr.do?value(risyunen)=2017&value(semekikn)=1&value(kougicd)=FI727&value(crclumcd)=
11,33,CMP1220,スポーツ,スポーツスタディ２(トレーニング),岡田　純一,秋,1,1,PB12,1,nil,https://sy.rikkyo.ac.jp/timetable/slbssbdr.do?value(risyunen)=2017&value(semekikn)=1&value(kougicd)=FI760&value(crclumcd)=
11,33,CMP2400,多彩４/主総Ａ４,スポーツと文化,高峰　修,秋,1,1,N431,2,nil,https://sy.rikkyo.ac.jp/timetable/slbssbdr.do?value(risyunen)=2017&value(semekikn)=1&value(kougicd)=FD015&value(crclumcd)=
11,33,CMP1210,スポーツ,スポーツプログラムＡ(卓球),石渡　貴之,春,1,1,P401,1,nil,https://sy.rikkyo.ac.jp/timetable/slbssbdr.do?value(risyunen)=2017&value(semekikn)=1&value(kougicd)=FI112&value(crclumcd)=
11,33,CMP1210,スポーツ,スポーツプログラムＦ(卓球),石渡　貴之,秋,1,1,P401,1,nil,https://sy.rikkyo.ac.jp/timetable/slbssbdr.do?value(risyunen)=2017&value(semekikn)=1&value(kougicd)=FI212&value(crclumcd)=
11,33,CMP2500,多彩５/主総Ａ５,都市と自然,山口　知成,春,1,1,4402,1,nil,https://sy.rikkyo.ac.jp/timetable/slbssbdr.do?value(risyunen)=2017&value(semekikn)=1&value(kougicd)=FE129&value(crclumcd)=
11,33,CMP2500,多彩５,身近な物質の化学,枝元　一之,春,1,1,MB01,1,2016年度以降1年次入学者対象科目,https://sy.rikkyo.ac.jp/timetable/slbssbdr.do?value(risyunen)=2017&value(semekikn)=1&value(kougicd)=FE112&value(crclumcd)=
11,33,CMP1100,学び精神/立教Ａ,立教大学の歴史,舟橋　正真,春,1,1,M201,1,2012年度以降1年次入学者対象科目,https://sy.rikkyo.ac.jp/timetable/slbssbdr.do?value(risyunen)=2017&value(semekikn)=1&value(kougicd)=FH176&value(crclumcd)=
11,33,CMP1100,学び精神,愛について：キリスト教の倫理と哲学,宮崎　光,春,1,2,N636,2,2016年度以降1年次入学者対象科目,https://sy.rikkyo.ac.jp/timetable/slbssbdr.do?value(risyunen)=2017&value(semekikn)=1&value(kougicd)=FH033&value(crclumcd)=
11,33,CMP1100,学び精神,アジア地域での平和構築,高　成鳳,春,1,2,X304,1,2016年度以降1年次入学者対象科目,https://sy.rikkyo.ac.jp/timetable/slbssbdr.do?value(risyunen)=2017&value(semekikn)=1&value(kougicd)=FH161&value(crclumcd)=
11,33,CMP1100,学び精神,アジア地域での平和構築,高　成鳳,秋,1,2,X304,1,2016年度以降1年次入学者対象科目,https://sy.rikkyo.ac.jp/timetable/slbssbdr.do?value(risyunen)=2017&value(semekikn)=1&value(kougicd)=FH162&value(crclumcd)=
11,33,CMP2100,多彩１/主総Ａ１,イタリアの文化とことば,深田　麻里亜,秋,1,2,N331,2,nil,https://sy.rikkyo.ac.jp/timetable/slbssbdr.do?value(risyunen)=2017&value(semekikn)=1&value(kougicd)=FA023&value(crclumcd)=
11,33,CMP2310,多彩３,音楽の生まれる場,星野　宏美玉川　裕子,秋,1,2,5324,1,2016年度以降1年次入学者対象科目,https://sy.rikkyo.ac.jp/timetable/slbssbdr.do?value(risyunen)=2017&value(semekikn)=1&value(kougicd)=FC181&value(crclumcd)=
11,33,CMP2100,多彩１/主総Ａ１,現代社会と人間,元森　絵里子,秋,1,2,4402,1,nil,https://sy.rikkyo.ac.jp/timetable/slbssbdr.do?value(risyunen)=2017&value(semekikn)=1&value(kougicd)=FA109&value(crclumcd)=
11,33,CMP1100,学び精神,国際社会の中の宗教,藁科　智恵,春,1,2,4342,1,2016年度以降1年次入学者対象科目,https://sy.rikkyo.ac.jp/timetable/slbssbdr.do?value(risyunen)=2017&value(semekikn)=1&value(kougicd)=FH116&value(crclumcd)=
11,33,CMP2500,多彩５/主Ａ５,情報科学Ａ,古賀　ひろみ,春,1,2,5121,1,2006年度以降1年次入学者対象科目,https://sy.rikkyo.ac.jp/timetable/slbssbdr.do?value(risyunen)=2017&value(semekikn)=1&value(kougicd)=FE124&value(crclumcd)=
11,33,CMP2500,多彩５/主Ａ５,情報科学Ｂ,佐藤　尚,春,1,2,8202,1,2006年度以降1年次入学者対象科目,https://sy.rikkyo.ac.jp/timetable/slbssbdr.do?value(risyunen)=2017&value(semekikn)=1&value(kougicd)=FE126&value(crclumcd)=
11,33,CMP2500,多彩５/主Ａ５,情報科学Ｂ,古賀　ひろみ,秋,1,2,5121,1,2006年度以降1年次入学者対象科目,https://sy.rikkyo.ac.jp/timetable/slbssbdr.do?value(risyunen)=2017&value(semekikn)=1&value(kougicd)=FE127&value(crclumcd)=
11,33,CMP2200,多彩２/主Ａ２,情報と倫理,高橋　慈子,春,1,2,MB01,1,2006年度以降1年次入学者対象科目,https://sy.rikkyo.ac.jp/timetable/slbssbdr.do?value(risyunen)=2017&value(semekikn)=1&value(kougicd)=FB120&value(crclumcd)=
11,33,CMP2100,多彩１,人権思想の根源,嶽本　新奈,秋,1,2,7101,1,2016年度以降1年次入学者対象科目,https://sy.rikkyo.ac.jp/timetable/slbssbdr.do?value(risyunen)=2017&value(semekikn)=1&value(kougicd)=FA129&value(crclumcd)=
11,33,CMP2500,多彩５/主総Ａ５,数学の世界,大下　範幸,秋,1,2,8202,1,nil,https://sy.rikkyo.ac.jp/timetable/slbssbdr.do?value(risyunen)=2017&value(semekikn)=1&value(kougicd)=FE103&value(crclumcd)=
11,33,CMP2300,多彩３/主総Ａ３,スペイン語圏の文学,久野　量一,秋,1,2,N852,2,nil,https://sy.rikkyo.ac.jp/timetable/slbssbdr.do?value(risyunen)=2017&value(semekikn)=1&value(kougicd)=FC018&value(crclumcd)=
11,33,CMP2300,多彩３/主総Ａ３,スペイン語圏の文学,久野　量一,春,1,2,7101,1,nil,https://sy.rikkyo.ac.jp/timetable/slbssbdr.do?value(risyunen)=2017&value(semekikn)=1&value(kougicd)=FC132&value(crclumcd)=
11,33,CMP1220,スポーツ,スポーツスタディ２(セルフケア・エクササイズ),大石　友子,春,1,2,NTE1,2,nil,https://sy.rikkyo.ac.jp/timetable/slbssbdr.do?value(risyunen)=2017&value(semekikn)=1&value(kougicd)=FI707&value(crclumcd)=
11,33,CMP1220,スポーツ,スポーツスタディ２(トレーニング),岡田　純一,春,1,2,PB12,1,nil,https://sy.rikkyo.ac.jp/timetable/slbssbdr.do?value(risyunen)=2017&value(semekikn)=1&value(kougicd)=FI728&value(crclumcd)=
11,33,CMP1220,スポーツ,スポーツスタディ２(トレーニング),岡田　純一,秋,1,2,PB12,1,nil,https://sy.rikkyo.ac.jp/timetable/slbssbdr.do?value(risyunen)=2017&value(semekikn)=1&value(kougicd)=FI761&value(crclumcd)=
11,33,CMP1210,スポーツ,スポーツプログラムＡ(バドミントン),笛木　寛,春,1,2,PB21,1,nil,https://sy.rikkyo.ac.jp/timetable/slbssbdr.do?value(risyunen)=2017&value(semekikn)=1&value(kougicd)=FI111&value(crclumcd)=
11,33,CMP1210,スポーツ,スポーツプログラムＦ(バドミントン),笛木　寛,秋,1,2,PB21,1,nil,https://sy.rikkyo.ac.jp/timetable/slbssbdr.do?value(risyunen)=2017&value(semekikn)=1&value(kougicd)=FI211&value(crclumcd)=
11,33,CMP2100,多彩１,哲学への扉,本郷　朝香,秋,1,2,N851,2,2016年度以降1年次入学者対象科目,https://sy.rikkyo.ac.jp/timetable/slbssbdr.do?value(risyunen)=2017&value(semekikn)=1&value(kougicd)=FA007&value(crclumcd)=
11,33,CMP2200,多彩２,日本国憲法,大石　和彦,春,1,2,N215,2,2016年度以降1年次入学者対象科目,https://sy.rikkyo.ac.jp/timetable/slbssbdr.do?value(risyunen)=2017&value(semekikn)=1&value(kougicd)=FB402&value(crclumcd)=
11,33,CMP2200,多彩２,日本国憲法,大石　和彦,秋,1,2,N215,2,2016年度以降1年次入学者対象科目,https://sy.rikkyo.ac.jp/timetable/slbssbdr.do?value(risyunen)=2017&value(semekikn)=1&value(kougicd)=FB403&value(crclumcd)=
11,33,CMP2300,多彩３/主総Ａ３,日本の音楽,三浦　裕子,秋,1,2,N313,2,nil,https://sy.rikkyo.ac.jp/timetable/slbssbdr.do?value(risyunen)=2017&value(semekikn)=1&value(kougicd)=FC402&value(crclumcd)=
11,33,CMP2300,多彩３/主総Ａ３,日本の音楽,三浦　裕子,春,1,2,5324,1,nil,https://sy.rikkyo.ac.jp/timetable/slbssbdr.do?value(risyunen)=2017&value(semekikn)=1&value(kougicd)=FC502&value(crclumcd)=
11,33,CMP2200,多彩２/主総Ａ２,パレスチナ問題の歴史と現在,高橋　宗瑠,春,1,2,N222,2,nil,https://sy.rikkyo.ac.jp/timetable/slbssbdr.do?value(risyunen)=2017&value(semekikn)=1&value(kougicd)=FB019&value(crclumcd)=
11,33,CMP1100,学び精神,美術の中のキリスト教,高木　真喜子,秋,1,2,N311,2,2016年度以降1年次入学者対象科目,https://sy.rikkyo.ac.jp/timetable/slbssbdr.do?value(risyunen)=2017&value(semekikn)=1&value(kougicd)=FH003&value(crclumcd)=
11,33,CMP2300,多彩３/主総Ａ３,美術の歴史,井口　俊,春,1,2,N212,2,nil,https://sy.rikkyo.ac.jp/timetable/slbssbdr.do?value(risyunen)=2017&value(semekikn)=1&value(kougicd)=FC003&value(crclumcd)=
11,33,CMP2500,多彩５,物質の科学,田中　秀和,春,1,2,N221,2,2016年度以降1年次入学者対象科目,https://sy.rikkyo.ac.jp/timetable/slbssbdr.do?value(risyunen)=2017&value(semekikn)=1&value(kougicd)=FE005&value(crclumcd)=
11,33,CMP2540,多彩５,立教ゼミナール５,木下　勉,春,1,2,7302,1,2016年度以降1年次入学者対象科目,https://sy.rikkyo.ac.jp/timetable/slbssbdr.do?value(risyunen)=2017&value(semekikn)=1&value(kougicd)=FE171&value(crclumcd)=
11,33,CMP2210,多彩２,いのちと暮らしのジェンダー論,和田　悠清原　悠,秋,1,3,D201,1,2016年度以降1年次入学者対象科目,https://sy.rikkyo.ac.jp/timetable/slbssbdr.do?value(risyunen)=2017&value(semekikn)=1&value(kougicd)=FB188&value(crclumcd)=
11,33,CMP2231,多彩２/主総Ａ２,Politics and Economy 1,楠本　和佳子,春,1,3,X306,1,nil,https://sy.rikkyo.ac.jp/timetable/slbssbdr.do?value(risyunen)=2017&value(semekikn)=1&value(kougicd)=FB513&value(crclumcd)=
11,33,CMP2331,多彩３/主総Ａ３,Japanese Culture 2,レイゼル，Ｍ．,秋,1,3,4407,1,nil,https://sy.rikkyo.ac.jp/timetable/slbssbdr.do?value(risyunen)=2017&value(semekikn)=1&value(kougicd)=FC505&value(crclumcd)=
11,33,CMP2231,多彩２/主総Ａ２,Japanese Society1,レイゼル，Ｍ．,春,1,3,4407,1,nil,https://sy.rikkyo.ac.jp/timetable/slbssbdr.do?value(risyunen)=2017&value(semekikn)=1&value(kougicd)=FB517&value(crclumcd)=
11,33,CMP2231,多彩２/主総Ａ２,Japanese Society2,楠本　和佳子,秋,1,3,X306,1,nil,https://sy.rikkyo.ac.jp/timetable/slbssbdr.do?value(risyunen)=2017&value(semekikn)=1&value(kougicd)=FB518&value(crclumcd)=
11,33,CMP2131,多彩１/主総Ａ１,Japanese Ethnology,フェニグ，Ｎ．,春,1,3,N222,2,nil,https://sy.rikkyo.ac.jp/timetable/slbssbdr.do?value(risyunen)=2017&value(semekikn)=1&value(kougicd)=FA404&value(crclumcd)=
11,33,CMP2300,多彩３/主総Ａ３,音楽の歴史,神保　夏子,秋,1,3,5324,1,nil,https://sy.rikkyo.ac.jp/timetable/slbssbdr.do?value(risyunen)=2017&value(semekikn)=1&value(kougicd)=FC116&value(crclumcd)=
11,33,CMP2200,多彩２/主総Ａ２,グローバル社会における法と政治,荻村　慎一郎,秋,1,3,N313,2,nil,https://sy.rikkyo.ac.jp/timetable/slbssbdr.do?value(risyunen)=2017&value(semekikn)=1&value(kougicd)=FB005&value(crclumcd)=
11,33,CMP1100,学び精神,芸術への扉,神保　夏子,春,1,3,5324,1,2016年度以降1年次入学者対象科目,https://sy.rikkyo.ac.jp/timetable/slbssbdr.do?value(risyunen)=2017&value(semekikn)=1&value(kougicd)=FH131&value(crclumcd)=
11,33,CMP2200,多彩２,現代のビジネスを学ぶ,岩下　仁,秋,1,3,5121,1,2016年度以降1年次入学者対象科目,https://sy.rikkyo.ac.jp/timetable/slbssbdr.do?value(risyunen)=2017&value(semekikn)=1&value(kougicd)=FB115&value(crclumcd)=
11,33,CMP1100,学び精神,国際社会の中の宗教,古澤　有峰,春,1,3,8202,1,2016年度以降1年次入学者対象科目,https://sy.rikkyo.ac.jp/timetable/slbssbdr.do?value(risyunen)=2017&value(semekikn)=1&value(kougicd)=FH115&value(crclumcd)=
11,33,CMP1100,学び精神,人権とジェンダー,嶽本　新奈,春,1,3,5121,1,2016年度以降1年次入学者対象科目,https://sy.rikkyo.ac.jp/timetable/slbssbdr.do?value(risyunen)=2017&value(semekikn)=1&value(kougicd)=FH170&value(crclumcd)=
11,33,CMP2500,多彩５/主総Ａ５,自然と人間の共生,辻　英之,秋,1,3,N421,2,nil,https://sy.rikkyo.ac.jp/timetable/slbssbdr.do?value(risyunen)=2017&value(semekikn)=1&value(kougicd)=FE017&value(crclumcd)=
11,33,CMP1221,スポーツ,スポーツスタディ１(レクリエーショナルスポーツ),マックグラス,春,1,3,P401,1,nil,https://sy.rikkyo.ac.jp/timetable/slbssbdr.do?value(risyunen)=2017&value(semekikn)=1&value(kougicd)=FI621&value(crclumcd)=
11,33,CMP1221,スポーツ,スポーツスタディ１(レクリエーショナルスポーツ),マックグラス,秋,1,3,P401,1,nil,https://sy.rikkyo.ac.jp/timetable/slbssbdr.do?value(risyunen)=2017&value(semekikn)=1&value(kougicd)=FI641&value(crclumcd)=
11,33,CMP2100,多彩１,イスラームの世界,青木　健,春,1,1,8202,1,2016年度以降1年次入学者対象科目,https://sy.rikkyo.ac.jp/timetable/slbssbdr.do?value(risyunen)=2017&value(semekikn)=1&value(kougicd)=FA106&value(crclumcd)=
11,33,CMP2300,多彩３/主総Ａ３,キリスト教美術,黒岩　三恵,秋,1,1,MB01,1,nil,https://sy.rikkyo.ac.jp/timetable/slbssbdr.do?value(risyunen)=2017&value(semekikn)=1&value(kougicd)=FC123&value(crclumcd)=
11,33,CMP1100,学び精神,グローバル社会での平和構築,堀　芳枝,春,1,1,D401,1,2016年度以降1年次入学者対象科目,https://sy.rikkyo.ac.jp/timetable/slbssbdr.do?value(risyunen)=2017&value(semekikn)=1&value(kougicd)=FH165&value(crclumcd)=
11,33,CMP2500,多彩５/主Ａ５,情報科学Ａ,佐藤　尚,秋,1,1,8202,1,2006年度以降1年次入学者対象科目,https://sy.rikkyo.ac.jp/timetable/slbssbdr.do?value(risyunen)=2017&value(semekikn)=1&value(kougicd)=FE125&value(crclumcd)=
11,33,CMP2200,多彩２/主総Ａ２,市民活動の組織とマネジメント,原田　晃樹,秋,1,1,1202,1,nil,https://sy.rikkyo.ac.jp/timetable/slbssbdr.do?value(risyunen)=2017&value(semekikn)=1&value(kougicd)=FB132&value(crclumcd)=
11,33,CMP2100,多彩１/主総Ａ１,スペイン語圏の文化,飯島　みどり,秋,1,1,N323,2,nil,https://sy.rikkyo.ac.jp/timetable/slbssbdr.do?value(risyunen)=2017&value(semekikn)=1&value(kougicd)=FA026&value(crclumcd)=
11,33,CMP1220,スポーツ,スポーツスタディ２(セルフケア・エクササイズ),大石　友子,春,1,1,NTE1,2,nil,https://sy.rikkyo.ac.jp/timetable/slbssbdr.do?value(risyunen)=2017&value(semekikn)=1&value(kougicd)=FI701&value(crclumcd)=
11,33,CMP1220,スポーツ,スポーツスタディ２(トレーニング),岡田　純一,春,1,1,PB12,1,nil,https://sy.rikkyo.ac.jp/timetable/slbssbdr.do?value(risyunen)=2017&value(semekikn)=1&value(kougicd)=FI727&value(crclumcd)=
11,33,CMP1220,スポーツ,スポーツスタディ２(トレーニング),岡田　純一,秋,1,1,PB12,1,nil,https://sy.rikkyo.ac.jp/timetable/slbssbdr.do?value(risyunen)=2017&value(semekikn)=1&value(kougicd)=FI760&value(crclumcd)=
11,33,CMP2400,多彩４/主総Ａ４,スポーツと文化,高峰　修,秋,1,1,N431,2,nil,https://sy.rikkyo.ac.jp/timetable/slbssbdr.do?value(risyunen)=2017&value(semekikn)=1&value(kougicd)=FD015&value(crclumcd)=
11,33,CMP1210,スポーツ,スポーツプログラムＡ(卓球),石渡　貴之,春,1,1,P401,1,nil,https://sy.rikkyo.ac.jp/timetable/slbssbdr.do?value(risyunen)=2017&value(semekikn)=1&value(kougicd)=FI112&value(crclumcd)=
11,33,CMP1210,スポーツ,スポーツプログラムＦ(卓球),石渡　貴之,秋,1,1,P401,1,nil,https://sy.rikkyo.ac.jp/timetable/slbssbdr.do?value(risyunen)=2017&value(semekikn)=1&value(kougicd)=FI212&value(crclumcd)=
11,33,CMP2500,多彩５/主総Ａ５,都市と自然,山口　知成,春,1,1,4402,1,nil,https://sy.rikkyo.ac.jp/timetable/slbssbdr.do?value(risyunen)=2017&value(semekikn)=1&value(kougicd)=FE129&value(crclumcd)=
11,33,CMP2500,多彩５,身近な物質の化学,枝元　一之,春,1,1,MB01,1,2016年度以降1年次入学者対象科目,https://sy.rikkyo.ac.jp/timetable/slbssbdr.do?value(risyunen)=2017&value(semekikn)=1&value(kougicd)=FE112&value(crclumcd)=
11,33,CMP1100,学び精神/立教Ａ,立教大学の歴史,舟橋　正真,春,1,1,M201,1,2012年度以降1年次入学者対象科目,https://sy.rikkyo.ac.jp/timetable/slbssbdr.do?value(risyunen)=2017&value(semekikn)=1&value(kougicd)=FH176&value(crclumcd)=
11,33,CMP1100,学び精神,愛について：キリスト教の倫理と哲学,宮崎　光,春,1,2,N636,2,2016年度以降1年次入学者対象科目,https://sy.rikkyo.ac.jp/timetable/slbssbdr.do?value(risyunen)=2017&value(semekikn)=1&value(kougicd)=FH033&value(crclumcd)=
11,33,CMP1100,学び精神,アジア地域での平和構築,高　成鳳,春,1,2,X304,1,2016年度以降1年次入学者対象科目,https://sy.rikkyo.ac.jp/timetable/slbssbdr.do?value(risyunen)=2017&value(semekikn)=1&value(kougicd)=FH161&value(crclumcd)=
11,33,CMP1100,学び精神,アジア地域での平和構築,高　成鳳,秋,1,2,X304,1,2016年度以降1年次入学者対象科目,https://sy.rikkyo.ac.jp/timetable/slbssbdr.do?value(risyunen)=2017&value(semekikn)=1&value(kougicd)=FH162&value(crclumcd)=
11,33,CMP2100,多彩１/主総Ａ１,イタリアの文化とことば,深田　麻里亜,秋,1,2,N331,2,nil,https://sy.rikkyo.ac.jp/timetable/slbssbdr.do?value(risyunen)=2017&value(semekikn)=1&value(kougicd)=FA023&value(crclumcd)=
11,33,CMP2310,多彩３,音楽の生まれる場,星野　宏美玉川　裕子,秋,1,2,5324,1,2016年度以降1年次入学者対象科目,https://sy.rikkyo.ac.jp/timetable/slbssbdr.do?value(risyunen)=2017&value(semekikn)=1&value(kougicd)=FC181&value(crclumcd)=
11,33,CMP2100,多彩１/主総Ａ１,現代社会と人間,元森　絵里子,秋,1,2,4402,1,nil,https://sy.rikkyo.ac.jp/timetable/slbssbdr.do?value(risyunen)=2017&value(semekikn)=1&value(kougicd)=FA109&value(crclumcd)=
11,33,CMP1100,学び精神,国際社会の中の宗教,藁科　智恵,春,1,2,4342,1,2016年度以降1年次入学者対象科目,https://sy.rikkyo.ac.jp/timetable/slbssbdr.do?value(risyunen)=2017&value(semekikn)=1&value(kougicd)=FH116&value(crclumcd)=
11,33,CMP2500,多彩５/主Ａ５,情報科学Ａ,古賀　ひろみ,春,1,2,5121,1,2006年度以降1年次入学者対象科目,https://sy.rikkyo.ac.jp/timetable/slbssbdr.do?value(risyunen)=2017&value(semekikn)=1&value(kougicd)=FE124&value(crclumcd)=
11,33,CMP2500,多彩５/主Ａ５,情報科学Ｂ,佐藤　尚,春,1,2,8202,1,2006年度以降1年次入学者対象科目,https://sy.rikkyo.ac.jp/timetable/slbssbdr.do?value(risyunen)=2017&value(semekikn)=1&value(kougicd)=FE126&value(crclumcd)=
11,33,CMP2500,多彩５/主Ａ５,情報科学Ｂ,古賀　ひろみ,秋,1,2,5121,1,2006年度以降1年次入学者対象科目,https://sy.rikkyo.ac.jp/timetable/slbssbdr.do?value(risyunen)=2017&value(semekikn)=1&value(kougicd)=FE127&value(crclumcd)=
11,33,CMP2200,多彩２/主Ａ２,情報と倫理,高橋　慈子,春,1,2,MB01,1,2006年度以降1年次入学者対象科目,https://sy.rikkyo.ac.jp/timetable/slbssbdr.do?value(risyunen)=2017&value(semekikn)=1&value(kougicd)=FB120&value(crclumcd)=
11,33,CMP2100,多彩１,人権思想の根源,嶽本　新奈,秋,1,2,7101,1,2016年度以降1年次入学者対象科目,https://sy.rikkyo.ac.jp/timetable/slbssbdr.do?value(risyunen)=2017&value(semekikn)=1&value(kougicd)=FA129&value(crclumcd)=
11,33,CMP2500,多彩５/主総Ａ５,数学の世界,大下　範幸,秋,1,2,8202,1,nil,https://sy.rikkyo.ac.jp/timetable/slbssbdr.do?value(risyunen)=2017&value(semekikn)=1&value(kougicd)=FE103&value(crclumcd)=
11,33,CMP2300,多彩３/主総Ａ３,スペイン語圏の文学,久野　量一,秋,1,2,N852,2,nil,https://sy.rikkyo.ac.jp/timetable/slbssbdr.do?value(risyunen)=2017&value(semekikn)=1&value(kougicd)=FC018&value(crclumcd)=
11,33,CMP2300,多彩３/主総Ａ３,スペイン語圏の文学,久野　量一,春,1,2,7101,1,nil,https://sy.rikkyo.ac.jp/timetable/slbssbdr.do?value(risyunen)=2017&value(semekikn)=1&value(kougicd)=FC132&value(crclumcd)=
11,33,CMP1220,スポーツ,スポーツスタディ２(セルフケア・エクササイズ),大石　友子,春,1,2,NTE1,2,nil,https://sy.rikkyo.ac.jp/timetable/slbssbdr.do?value(risyunen)=2017&value(semekikn)=1&value(kougicd)=FI707&value(crclumcd)=
11,33,CMP1220,スポーツ,スポーツスタディ２(トレーニング),岡田　純一,春,1,2,PB12,1,nil,https://sy.rikkyo.ac.jp/timetable/slbssbdr.do?value(risyunen)=2017&value(semekikn)=1&value(kougicd)=FI728&value(crclumcd)=
11,33,CMP1220,スポーツ,スポーツスタディ２(トレーニング),岡田　純一,秋,1,2,PB12,1,nil,https://sy.rikkyo.ac.jp/timetable/slbssbdr.do?value(risyunen)=2017&value(semekikn)=1&value(kougicd)=FI761&value(crclumcd)=
11,33,CMP1210,スポーツ,スポーツプログラムＡ(バドミントン),笛木　寛,春,1,2,PB21,1,nil,https://sy.rikkyo.ac.jp/timetable/slbssbdr.do?value(risyunen)=2017&value(semekikn)=1&value(kougicd)=FI111&value(crclumcd)=
11,33,CMP1210,スポーツ,スポーツプログラムＦ(バドミントン),笛木　寛,秋,1,2,PB21,1,nil,https://sy.rikkyo.ac.jp/timetable/slbssbdr.do?value(risyunen)=2017&value(semekikn)=1&value(kougicd)=FI211&value(crclumcd)=
11,33,CMP2100,多彩１,哲学への扉,本郷　朝香,秋,1,2,N851,2,2016年度以降1年次入学者対象科目,https://sy.rikkyo.ac.jp/timetable/slbssbdr.do?value(risyunen)=2017&value(semekikn)=1&value(kougicd)=FA007&value(crclumcd)=
11,33,CMP2200,多彩２,日本国憲法,大石　和彦,春,1,2,N215,2,2016年度以降1年次入学者対象科目,https://sy.rikkyo.ac.jp/timetable/slbssbdr.do?value(risyunen)=2017&value(semekikn)=1&value(kougicd)=FB402&value(crclumcd)=
11,33,CMP2200,多彩２,日本国憲法,大石　和彦,秋,1,2,N215,2,2016年度以降1年次入学者対象科目,https://sy.rikkyo.ac.jp/timetable/slbssbdr.do?value(risyunen)=2017&value(semekikn)=1&value(kougicd)=FB403&value(crclumcd)=
11,33,CMP2300,多彩３/主総Ａ３,日本の音楽,三浦　裕子,秋,1,2,N313,2,nil,https://sy.rikkyo.ac.jp/timetable/slbssbdr.do?value(risyunen)=2017&value(semekikn)=1&value(kougicd)=FC402&value(crclumcd)=
11,33,CMP2300,多彩３/主総Ａ３,日本の音楽,三浦　裕子,春,1,2,5324,1,nil,https://sy.rikkyo.ac.jp/timetable/slbssbdr.do?value(risyunen)=2017&value(semekikn)=1&value(kougicd)=FC502&value(crclumcd)=
11,33,CMP2200,多彩２/主総Ａ２,パレスチナ問題の歴史と現在,高橋　宗瑠,春,1,2,N222,2,nil,https://sy.rikkyo.ac.jp/timetable/slbssbdr.do?value(risyunen)=2017&value(semekikn)=1&value(kougicd)=FB019&value(crclumcd)=
11,33,CMP1100,学び精神,美術の中のキリスト教,高木　真喜子,秋,1,2,N311,2,2016年度以降1年次入学者対象科目,https://sy.rikkyo.ac.jp/timetable/slbssbdr.do?value(risyunen)=2017&value(semekikn)=1&value(kougicd)=FH003&value(crclumcd)=
11,33,CMP2300,多彩３/主総Ａ３,美術の歴史,井口　俊,春,1,2,N212,2,nil,https://sy.rikkyo.ac.jp/timetable/slbssbdr.do?value(risyunen)=2017&value(semekikn)=1&value(kougicd)=FC003&value(crclumcd)=
11,33,CMP2500,多彩５,物質の科学,田中　秀和,春,1,2,N221,2,2016年度以降1年次入学者対象科目,https://sy.rikkyo.ac.jp/timetable/slbssbdr.do?value(risyunen)=2017&value(semekikn)=1&value(kougicd)=FE005&value(crclumcd)=
11,33,CMP2540,多彩５,立教ゼミナール５,木下　勉,春,1,2,7302,1,2016年度以降1年次入学者対象科目,https://sy.rikkyo.ac.jp/timetable/slbssbdr.do?value(risyunen)=2017&value(semekikn)=1&value(kougicd)=FE171&value(crclumcd)=
11,33,CMP2210,多彩２,いのちと暮らしのジェンダー論,和田　悠清原　悠,秋,1,3,D201,1,2016年度以降1年次入学者対象科目,https://sy.rikkyo.ac.jp/timetable/slbssbdr.do?value(risyunen)=2017&value(semekikn)=1&value(kougicd)=FB188&value(crclumcd)=
11,33,CMP2231,多彩２/主総Ａ２,Politics and Economy 1,楠本　和佳子,春,1,3,X306,1,nil,https://sy.rikkyo.ac.jp/timetable/slbssbdr.do?value(risyunen)=2017&value(semekikn)=1&value(kougicd)=FB513&value(crclumcd)=
11,33,CMP2331,多彩３/主総Ａ３,Japanese Culture 2,レイゼル，Ｍ．,秋,1,3,4407,1,nil,https://sy.rikkyo.ac.jp/timetable/slbssbdr.do?value(risyunen)=2017&value(semekikn)=1&value(kougicd)=FC505&value(crclumcd)=
11,33,CMP2231,多彩２/主総Ａ２,Japanese Society1,レイゼル，Ｍ．,春,1,3,4407,1,nil,https://sy.rikkyo.ac.jp/timetable/slbssbdr.do?value(risyunen)=2017&value(semekikn)=1&value(kougicd)=FB517&value(crclumcd)=
11,33,CMP2231,多彩２/主総Ａ２,Japanese Society2,楠本　和佳子,秋,1,3,X306,1,nil,https://sy.rikkyo.ac.jp/timetable/slbssbdr.do?value(risyunen)=2017&value(semekikn)=1&value(kougicd)=FB518&value(crclumcd)=
11,33,CMP2131,多彩１/主総Ａ１,Japanese Ethnology,フェニグ，Ｎ．,春,1,3,N222,2,nil,https://sy.rikkyo.ac.jp/timetable/slbssbdr.do?value(risyunen)=2017&value(semekikn)=1&value(kougicd)=FA404&value(crclumcd)=
11,33,CMP2300,多彩３/主総Ａ３,音楽の歴史,神保　夏子,秋,1,3,5324,1,nil,https://sy.rikkyo.ac.jp/timetable/slbssbdr.do?value(risyunen)=2017&value(semekikn)=1&value(kougicd)=FC116&value(crclumcd)=
11,33,CMP2200,多彩２/主総Ａ２,グローバル社会における法と政治,荻村　慎一郎,秋,1,3,N313,2,nil,https://sy.rikkyo.ac.jp/timetable/slbssbdr.do?value(risyunen)=2017&value(semekikn)=1&value(kougicd)=FB005&value(crclumcd)=
11,33,CMP1100,学び精神,芸術への扉,神保　夏子,春,1,3,5324,1,2016年度以降1年次入学者対象科目,https://sy.rikkyo.ac.jp/timetable/slbssbdr.do?value(risyunen)=2017&value(semekikn)=1&value(kougicd)=FH131&value(crclumcd)=
11,33,CMP2200,多彩２,現代のビジネスを学ぶ,岩下　仁,秋,1,3,5121,1,2016年度以降1年次入学者対象科目,https://sy.rikkyo.ac.jp/timetable/slbssbdr.do?value(risyunen)=2017&value(semekikn)=1&value(kougicd)=FB115&value(crclumcd)=
11,33,CMP1100,学び精神,国際社会の中の宗教,古澤　有峰,春,1,3,8202,1,2016年度以降1年次入学者対象科目,https://sy.rikkyo.ac.jp/timetable/slbssbdr.do?value(risyunen)=2017&value(semekikn)=1&value(kougicd)=FH115&value(crclumcd)=
11,33,CMP1100,学び精神,人権とジェンダー,嶽本　新奈,春,1,3,5121,1,2016年度以降1年次入学者対象科目,https://sy.rikkyo.ac.jp/timetable/slbssbdr.do?value(risyunen)=2017&value(semekikn)=1&value(kougicd)=FH170&value(crclumcd)=
11,33,CMP2500,多彩５/主総Ａ５,自然と人間の共生,辻　英之,秋,1,3,N421,2,nil,https://sy.rikkyo.ac.jp/timetable/slbssbdr.do?value(risyunen)=2017&value(semekikn)=1&value(kougicd)=FE017&value(crclumcd)=
11,33,CMP1221,スポーツ,スポーツスタディ１(レクリエーショナルスポーツ),マックグラス,春,1,3,P401,1,nil,https://sy.rikkyo.ac.jp/timetable/slbssbdr.do?value(risyunen)=2017&value(semekikn)=1&value(kougicd)=FI621&value(crclumcd)=
11,33,CMP1221,スポーツ,スポーツスタディ１(レクリエーショナルスポーツ),マックグラス,秋,1,3,P401,1,nil,https://sy.rikkyo.ac.jp/timetable/slbssbdr.do?value(risyunen)=2017&value(semekikn)=1&value(kougicd)=FI641&value(crclumcd)=
11,33,CMP1220,スポーツ,スポーツスタディ２(アダプテッドスポーツ),堀江　航,秋,1,3,NTA1,2,nil,https://sy.rikkyo.ac.jp/timetable/slbssbdr.do?value(risyunen)=2017&value(semekikn)=1&value(kougicd)=FI710&value(crclumcd)=
11,33,CMP1220,スポーツ,スポーツスタディ２(セルフケア・エクササイズ),大石　友子,秋,1,3,P402,1,nil,https://sy.rikkyo.ac.jp/timetable/slbssbdr.do?value(risyunen)=2017&value(semekikn)=1&value(kougicd)=FI752&value(crclumcd)=
11,33,CMP1220,スポーツ,スポーツスタディ３(テニス),濁川　孝志,春,1,3,NZT1,2,nil,https://sy.rikkyo.ac.jp/timetable/slbssbdr.do?value(risyunen)=2017&value(semekikn)=1&value(kougicd)=FI806&value(crclumcd)=
11,33,CMP1220,スポーツ,スポーツスタディ３(フットサル),笛木　寛,春,1,3,P501,1,nil,https://sy.rikkyo.ac.jp/timetable/slbssbdr.do?value(risyunen)=2017&value(semekikn)=1&value(kougicd)=FI833&value(crclumcd)=
11,33,CMP1220,スポーツ,スポーツスタディ３(フットサル),笛木　寛,秋,1,3,P501,1,nil,https://sy.rikkyo.ac.jp/timetable/slbssbdr.do?value(risyunen)=2017&value(semekikn)=1&value(kougicd)=FI855&value(crclumcd)=
11,33,CMP1210,スポーツ,スポーツプログラムＡ(はじめてのバレエ),大石　友子,春,1,3,NTE1,2,nil,https://sy.rikkyo.ac.jp/timetable/slbssbdr.do?value(risyunen)=2017&value(semekikn)=1&value(kougicd)=FI101&value(crclumcd)=
11,33,CMP2100,多彩１/主総Ａ１,聖書と人間,吉田　忍,秋,1,3,4402,1,nil,https://sy.rikkyo.ac.jp/timetable/slbssbdr.do?value(risyunen)=2017&value(semekikn)=1&value(kougicd)=FA101&value(crclumcd)=
11,33,CMP1100,学び精神,世界史の中のキリスト教,鈴木　昇司,春,1,3,N851,2,2016年度以降1年次入学者対象科目,https://sy.rikkyo.ac.jp/timetable/slbssbdr.do?value(risyunen)=2017&value(semekikn)=1&value(kougicd)=FH001&value(crclumcd)=
11,33,CMP2100,多彩１/主総Ａ１,中国語圏の文化,稲葉　明子,秋,1,3,N851,2,nil,https://sy.rikkyo.ac.jp/timetable/slbssbdr.do?value(risyunen)=2017&value(semekikn)=1&value(kougicd)=FA027&value(crclumcd)=
11,33,CMP2300,多彩３/主総Ａ３,日本の美術,佐藤　知乃,秋,1,3,N321,2,nil,https://sy.rikkyo.ac.jp/timetable/slbssbdr.do?value(risyunen)=2017&value(semekikn)=1&value(kougicd)=FC401&value(crclumcd)=
11,33,CMP1100,学び精神,美術の中のキリスト教,加藤　磨珠枝,春,1,3,5321,1,2016年度以降1年次入学者対象科目,https://sy.rikkyo.ac.jp/timetable/slbssbdr.do?value(risyunen)=2017&value(semekikn)=1&value(kougicd)=FH109&value(crclumcd)=
11,33,CMP1100,学び精神,文学を生み出すキリスト教,大澤　千恵子,秋,1,3,N214,2,2016年度以降1年次入学者対象科目,https://sy.rikkyo.ac.jp/timetable/slbssbdr.do?value(risyunen)=2017&value(semekikn)=1&value(kougicd)=FH005&value(crclumcd)=
11,33,CMP1100,学び精神,文学を生み出すキリスト教,大澤　千恵子,春,1,3,A203,1,2016年度以降1年次入学者対象科目,https://sy.rikkyo.ac.jp/timetable/slbssbdr.do?value(risyunen)=2017&value(semekikn)=1&value(kougicd)=FH111&value(crclumcd)=
11,33,CMP2300,多彩３,文学への扉,鈴木　里香,秋,1,3,MB01,1,2016年度以降1年次入学者対象科目,https://sy.rikkyo.ac.jp/timetable/slbssbdr.do?value(risyunen)=2017&value(semekikn)=1&value(kougicd)=FC102&value(crclumcd)=
11,33,CMP2200,多彩２,法と社会,神吉　知郁子,春,1,3,MB01,1,2016年度以降1年次入学者対象科目法学部所属学生随意科目（卒業要件単位に含むことはできない）,https://sy.rikkyo.ac.jp/timetable/slbssbdr.do?value(risyunen)=2017&value(semekikn)=1&value(kougicd)=FB109&value(crclumcd)=
11,33,CMP2340,多彩３,立教ゼミナール３,坂本　浩也,春,1,3,7202,1,2016年度以降1年次入学者対象科目,https://sy.rikkyo.ac.jp/timetable/slbssbdr.do?value(risyunen)=2017&value(semekikn)=1&value(kougicd)=FC171&value(crclumcd)=
11,33,CMP2100,多彩１/主総Ａ１,論理的思考法,津留　竜馬,秋,1,3,8202,1,nil,https://sy.rikkyo.ac.jp/timetable/slbssbdr.do?value(risyunen)=2017&value(semekikn)=1&value(kougicd)=FA112&value(crclumcd)=
11,33,CMP2101,多彩１/主Ａ１,World History,中込　さやか,秋,1,3,6205秋,木,4,6205,1,2012年度以降1年次入学者対象科目,https://sy.rikkyo.ac.jp/timetable/slbssbdr.do?value(risyunen)=2017&value(semekikn)=1&value(kougicd)=FA507&value(crclumcd)=
11,33,CMP1100,学び精神,アジア地域での平和構築,崔　先鎬,春,1,4,N215,2,2016年度以降1年次入学者対象科目,https://sy.rikkyo.ac.jp/timetable/slbssbdr.do?value(risyunen)=2017&value(semekikn)=1&value(kougicd)=FH022&value(crclumcd)=
11,33,CMP2301,多彩３/主Ａ３,Culture and Fine Arts,大橋　里見,秋,1,4,6205秋,木,3,7202,1,2012年度以降1年次入学者対象科目,https://sy.rikkyo.ac.jp/timetable/slbssbdr.do?value(risyunen)=2017&value(semekikn)=1&value(kougicd)=FC509&value(crclumcd)=
11,33,CMP2200,多彩２,観光学への誘い,羽生　敦子,秋,1,4,8101,1,2016年度以降1年次入学者対象科目,https://sy.rikkyo.ac.jp/timetable/slbssbdr.do?value(risyunen)=2017&value(semekikn)=1&value(kougicd)=FB129&value(crclumcd)=
11,33,CMP2300,多彩３/主総Ａ３,キリスト教音楽,星野　宏美,秋,1,4,5324,1,nil,https://sy.rikkyo.ac.jp/timetable/slbssbdr.do?value(risyunen)=2017&value(semekikn)=1&value(kougicd)=FC124&value(crclumcd)=
11,33,CMP1100,学び精神,芸術への扉,宮崎　匠,春,1,4,N213,2,2016年度以降1年次入学者対象科目,https://sy.rikkyo.ac.jp/timetable/slbssbdr.do?value(risyunen)=2017&value(semekikn)=1&value(kougicd)=FH012&value(crclumcd)=
11,33,CMP2100,多彩１/主総Ａ１,現代社会と人間,中西　啓喜,秋,1,4,N312,2,nil,https://sy.rikkyo.ac.jp/timetable/slbssbdr.do?value(risyunen)=2017&value(semekikn)=1&value(kougicd)=FA006&value(crclumcd)=
11,33,CMP1100,学び精神,現代社会の中の宗教１,梅澤　弓子,秋,1,4,M302,1,2016年度以降1年次入学者対象科目,https://sy.rikkyo.ac.jp/timetable/slbssbdr.do?value(risyunen)=2017&value(semekikn)=1&value(kougicd)=FH117&value(crclumcd)=
11,33,CMP1100,学び精神,経営学への招待,秋野　晶二,春,1,4,M201,1,2016年度以降1年次入学者対象科目,https://sy.rikkyo.ac.jp/timetable/slbssbdr.do?value(risyunen)=2017&value(semekikn)=1&value(kougicd)=FH143&value(crclumcd)=
11,33,CMP1100,学び精神,経営学への招待,青淵　正幸,春,1,4,M302,1,2016年度以降1年次入学者対象科目,https://sy.rikkyo.ac.jp/timetable/slbssbdr.do?value(risyunen)=2017&value(semekikn)=1&value(kougicd)=FH144&value(crclumcd)=
11,33,CMP1100,学び精神,経営学への招待,尾﨑　俊哉,春,1,4,M301,1,2016年度以降1年次入学者対象科目,https://sy.rikkyo.ac.jp/timetable/slbssbdr.do?value(risyunen)=2017&value(semekikn)=1&value(kougicd)=FH145&value(crclumcd)=
11,33,CMP1100,学び精神,人文学からの学び（史学）,中台　由佳里,春,1,4,D401,1,2016年度以降1年次入学者対象科目,https://sy.rikkyo.ac.jp/timetable/slbssbdr.do?value(risyunen)=2017&value(semekikn)=1&value(kougicd)=FH129&value(crclumcd)=
11,33,CMP1100,学び精神,人文学からの学び（文学）,陣野　俊史,春,1,4,X304,1,2016年度以降1年次入学者対象科目,https://sy.rikkyo.ac.jp/timetable/slbssbdr.do?value(risyunen)=2017&value(semekikn)=1&value(kougicd)=FH124&value(crclumcd)=
11,33,CMP2300,多彩３/主総Ａ３,身体表現と哲学,堀　千晶,秋,1,4,7102,1,nil,https://sy.rikkyo.ac.jp/timetable/slbssbdr.do?value(risyunen)=2017&value(semekikn)=1&value(kougicd)=FC129&value(crclumcd)=
11,33,CMP1221,スポーツ,スポーツスタディ１(レクリエーショナルスポーツ),マックグラス,春,1,4,P401,1,nil,https://sy.rikkyo.ac.jp/timetable/slbssbdr.do?value(risyunen)=2017&value(semekikn)=1&value(kougicd)=FI622&value(crclumcd)=
11,33,CMP1221,スポーツ,スポーツスタディ１(レクリエーショナルスポーツ),マックグラス,秋,1,4,P401,1,nil,https://sy.rikkyo.ac.jp/timetable/slbssbdr.do?value(risyunen)=2017&value(semekikn)=1&value(kougicd)=FI642&value(crclumcd)=
11,33,CMP1220,スポーツ,スポーツスタディ２(ダイエットフィットネス),大石　友子,秋,1,4,P402,1,nil,https://sy.rikkyo.ac.jp/timetable/slbssbdr.do?value(risyunen)=2017&value(semekikn)=1&value(kougicd)=FI757&value(crclumcd)=
11,33,CMP1220,スポーツ,スポーツスタディ３(フットサル),笛木　寛,春,1,4,P501,1,nil,https://sy.rikkyo.ac.jp/timetable/slbssbdr.do?value(risyunen)=2017&value(semekikn)=1&value(kougicd)=FI834&value(crclumcd)=
11,33,CMP1220,スポーツ,スポーツスタディ３(フットサル),笛木　寛,秋,1,4,P501,1,nil,https://sy.rikkyo.ac.jp/timetable/slbssbdr.do?value(risyunen)=2017&value(semekikn)=1&value(kougicd)=FI856&value(crclumcd)=
11,33,CMP1100,学び精神,西欧キリスト教社会における大学の誕生,松澤　裕樹,春,1,4,D201,1,2016年度以降1年次入学者対象科目,https://sy.rikkyo.ac.jp/timetable/slbssbdr.do?value(risyunen)=2017&value(semekikn)=1&value(kougicd)=FH177&value(crclumcd)=
11,33,CMP2500,多彩５,大学と科学技術,柿原　泰,春,1,4,8202,1,2016年度以降1年次入学者対象科目,https://sy.rikkyo.ac.jp/timetable/slbssbdr.do?value(risyunen)=2017&value(semekikn)=1&value(kougicd)=FE138&value(crclumcd)=
11,33,CMP2400,多彩４/主総Ａ４,対人関係の心理,浅井　健史,春,1,4,7102,1,nil,https://sy.rikkyo.ac.jp/timetable/slbssbdr.do?value(risyunen)=2017&value(semekikn)=1&value(kougicd)=FD107&value(crclumcd)=
11,33,CMP2100,多彩１,地域研究への扉,中台　由佳里,秋,1,4,AB01,1,2016年度以降1年次入学者対象科目,https://sy.rikkyo.ac.jp/timetable/slbssbdr.do?value(risyunen)=2017&value(semekikn)=1&value(kougicd)=FA120&value(crclumcd)=
11,33,CMP2500,多彩５/主総Ａ５,地球の理解,小森　次郎,春,1,4,N313,2,nil,https://sy.rikkyo.ac.jp/timetable/slbssbdr.do?value(risyunen)=2017&value(semekikn)=1&value(kougicd)=FE011&value(crclumcd)=
11,33,CMP2100,多彩１/主総Ａ１,中国語圏の文化,稲葉　明子,春,1,4,5322,1,nil,https://sy.rikkyo.ac.jp/timetable/slbssbdr.do?value(risyunen)=2017&value(semekikn)=1&value(kougicd)=FA142&value(crclumcd)=
11,33,CMP2200,多彩２/主総Ａ２,入門・経済教室,佐藤　有史,春,1,4,MB01,1,nil,https://sy.rikkyo.ac.jp/timetable/slbssbdr.do?value(risyunen)=2017&value(semekikn)=1&value(kougicd)=FB102&value(crclumcd)=
11,33,CMP1100,学び精神,美と生命について：キリスト教の美学,茅根　紀子,春,1,4,5124,1,2016年度以降1年次入学者対象科目,https://sy.rikkyo.ac.jp/timetable/slbssbdr.do?value(risyunen)=2017&value(semekikn)=1&value(kougicd)=FH184&value(crclumcd)=
11,33,CMP2100,多彩１,仏教の世界,宮　信明,春,1,4,4402,1,2016年度以降1年次入学者対象科目,https://sy.rikkyo.ac.jp/timetable/slbssbdr.do?value(risyunen)=2017&value(semekikn)=1&value(kougicd)=FA501&value(crclumcd)=
11,33,CMP2300,多彩３,文学への扉,藤村　希,秋,1,4,N214,2,2016年度以降1年次入学者対象科目,https://sy.rikkyo.ac.jp/timetable/slbssbdr.do?value(risyunen)=2017&value(semekikn)=1&value(kougicd)=FC001&value(crclumcd)=
11,33,CMP2300,多彩３,文学への扉,菅谷　憲興,秋,1,4,8202,1,2016年度以降1年次入学者対象科目,https://sy.rikkyo.ac.jp/timetable/slbssbdr.do?value(risyunen)=2017&value(semekikn)=1&value(kougicd)=FC103&value(crclumcd)=
11,33,CMP2100,多彩１/主総Ａ１,文化を生きる,後藤　隆基,秋,1,4,MB01,1,nil,https://sy.rikkyo.ac.jp/timetable/slbssbdr.do?value(risyunen)=2017&value(semekikn)=1&value(kougicd)=FA124&value(crclumcd)=
11,33,CMP2100,多彩１/主総Ａ１,文化を生きる,佐久間　由梨,春,1,4,5122,1,nil,https://sy.rikkyo.ac.jp/timetable/slbssbdr.do?value(risyunen)=2017&value(semekikn)=1&value(kougicd)=FA125&value(crclumcd)=
11,33,CMP2200,多彩２/主総Ａ２,フランス語圏の社会,羽生　敦子,春,1,4,8101,1,nil,https://sy.rikkyo.ac.jp/timetable/slbssbdr.do?value(risyunen)=2017&value(semekikn)=1&value(kougicd)=FB136&value(crclumcd)=
11,33,CMP2100,多彩１,歴史への扉,佐藤　雄基,秋,1,4,7101,1,2016年度以降1年次入学者対象科目,https://sy.rikkyo.ac.jp/timetable/slbssbdr.do?value(risyunen)=2017&value(semekikn)=1&value(kougicd)=FA115&value(crclumcd)=
11,33,CMP2660,多彩６,ＲＳＬ－コミュニティ（埼玉）,田中　聡一郎,秋,1,5,5304,1,2016年度以降1年次入学者対象科目,https://sy.rikkyo.ac.jp/timetable/slbssbdr.do?value(risyunen)=2017&value(semekikn)=1&value(kougicd)=FV511&value(crclumcd)=
11,33,CMP1100,学び精神,アジア地域での平和構築,福島　みのり,春,1,5,A203,1,2016年度以降1年次入学者対象科目,https://sy.rikkyo.ac.jp/timetable/slbssbdr.do?value(risyunen)=2017&value(semekikn)=1&value(kougicd)=FH163&value(crclumcd)=
11,33,CMP1100,学び精神,音楽の中のキリスト教,長岡　英,春,1,5,N212,2,2016年度以降1年次入学者対象科目,https://sy.rikkyo.ac.jp/timetable/slbssbdr.do?value(risyunen)=2017&value(semekikn)=1&value(kougicd)=FH004&value(crclumcd)=
11,33,CMP2500,多彩５/主総Ａ５,化学と自然,渡邉　永治,春,1,5,X201,1,nil,https://sy.rikkyo.ac.jp/timetable/slbssbdr.do?value(risyunen)=2017&value(semekikn)=1&value(kougicd)=FE115&value(crclumcd)=
11,33,CMP1100,学び精神,キリスト教史に学ぶ多文化共生,藤崎　衛,春,1,5,M302,1,2016年度以降1年次入学者対象科目,https://sy.rikkyo.ac.jp/timetable/slbssbdr.do?value(risyunen)=2017&value(semekikn)=1&value(kougicd)=FH180&value(crclumcd)=
11,33,CMP1100,学び精神,芸術への扉,黒岩　三恵,春,1,5,X204,1,2016年度以降1年次入学者対象科目,https://sy.rikkyo.ac.jp/timetable/slbssbdr.do?value(risyunen)=2017&value(semekikn)=1&value(kougicd)=FH132&value(crclumcd)=
11,33,CMP1100,学び精神,芸術への扉,櫻井　一成,秋,1,5,8304,1,2016年度以降1年次入学者対象科目,https://sy.rikkyo.ac.jp/timetable/slbssbdr.do?value(risyunen)=2017&value(semekikn)=1&value(kougicd)=FH133&value(crclumcd)=
11,33,CMP1100,学び精神,現代心理学からの学び,田崎　英明,春,1,5,D401,1,2016年度以降1年次入学者対象科目,https://sy.rikkyo.ac.jp/timetable/slbssbdr.do?value(risyunen)=2017&value(semekikn)=1&value(kougicd)=FH159&value(crclumcd)=
11,33,CMP1100,学び精神,経営学への招待,濵沖　典之,秋,1,5,N333,2,2016年度以降1年次入学者対象科目,https://sy.rikkyo.ac.jp/timetable/slbssbdr.do?value(risyunen)=2017&value(semekikn)=1&value(kougicd)=FH016&value(crclumcd)=
11,33,CMP2200,多彩２/主総Ａ２,景気・格差問題と統計情報,坂田　大輔,秋,1,5,MB01,1,nil,https://sy.rikkyo.ac.jp/timetable/slbssbdr.do?value(risyunen)=2017&value(semekikn)=1&value(kougicd)=FB106&value(crclumcd)=
11,33,CMP1100,学び精神,人文学からの学び（史学）,大谷　哲,春,1,5,N331,2,2016年度以降1年次入学者対象科目,https://sy.rikkyo.ac.jp/timetable/slbssbdr.do?value(risyunen)=2017&value(semekikn)=1&value(kougicd)=FH011&value(crclumcd)=
11,33,CMP1100,学び精神,思想を生み出すキリスト教,鈴木　昇司,春,1,5,N213,2,2016年度以降1年次入学者対象科目,https://sy.rikkyo.ac.jp/timetable/slbssbdr.do?value(risyunen)=2017&value(semekikn)=1&value(kougicd)=FH002&value(crclumcd)=
11,33,CMP2400,多彩４,スポーツとメディア,宮村　淳,秋,1,5,4402,1,2016年度以降1年次入学者対象科目,https://sy.rikkyo.ac.jp/timetable/slbssbdr.do?value(risyunen)=2017&value(semekikn)=1&value(kougicd)=FD119&value(crclumcd)=
11,33,CMP2200,多彩２/主総Ａ２,世界の中のロシア,小森　宏美,春,1,5,D201,1,nil,https://sy.rikkyo.ac.jp/timetable/slbssbdr.do?value(risyunen)=2017&value(semekikn)=1&value(kougicd)=FB134&value(crclumcd)=
11,33,CMP2400,多彩４/主総Ａ４,対人関係の心理,三浦　由美子,春,1,5,4402,1,nil,https://sy.rikkyo.ac.jp/timetable/slbssbdr.do?value(risyunen)=2017&value(semekikn)=1&value(kougicd)=FD108&value(crclumcd)=
11,33,CMP2200,多彩２/主総Ａ２,統計情報で社会・経済を診断する,坂田　大輔,春,1,5,5122,1,nil,https://sy.rikkyo.ac.jp/timetable/slbssbdr.do?value(risyunen)=2017&value(semekikn)=1&value(kougicd)=FB105&value(crclumcd)=
11,33,CMP2100,多彩１/主総Ａ１,日本文化と精神性,佐々木　一也,秋,1,5,8202,1,nil,https://sy.rikkyo.ac.jp/timetable/slbssbdr.do?value(risyunen)=2017&value(semekikn)=1&value(kougicd)=FA504&value(crclumcd)=
11,33,CMP2501,多彩５/主Ａ５,Nature of the Earth,ホーン，Ｅ．,秋,1,2012年度以降1年次入学者対象科目,https://sy.rikkyo.ac.jp/timetable/slbssbdr.do?value(risyunen)=2017&value(semekikn)=1&value(kougicd)=FE502&value(crclumcd)=
11,33,CMP2350,多彩３/主総Ａ３,美術論演習,奈良澤　由美,秋,1,5,1103,1,nil,https://sy.rikkyo.ac.jp/timetable/slbssbdr.do?value(risyunen)=2017&value(semekikn)=1&value(kougicd)=FC119&value(crclumcd)=
11,33,CMP2100,多彩１,仏教の世界,安原　眞琴,秋,1,5,N313,2,2016年度以降1年次入学者対象科目,https://sy.rikkyo.ac.jp/timetable/slbssbdr.do?value(risyunen)=2017&value(semekikn)=1&value(kougicd)=FA401&value(crclumcd)=
11,33,CMP3100,多彩１,立教ゼミナール発展編　１,出口　汪,春,1,5,7301,1,2016年度以降1年次入学者対象科目,https://sy.rikkyo.ac.jp/timetable/slbssbdr.do?value(risyunen)=2017&value(semekikn)=1&value(kougicd)=FA177&value(crclumcd)=
11,33,CMP3300,多彩３,立教ゼミナール発展編　３,川口　幸也,秋,1,5,7301,1,2016年度以降1年次入学者対象科目,https://sy.rikkyo.ac.jp/timetable/slbssbdr.do?value(risyunen)=2017&value(semekikn)=1&value(kougicd)=FC173&value(crclumcd)=
11,33,CMP2400,多彩４/主総Ａ４,アンチエイジングの科学,神野　宏司,秋,2,1,5122,1,nil,https://sy.rikkyo.ac.jp/timetable/slbssbdr.do?value(risyunen)=2017&value(semekikn)=1&value(kougicd)=FD118&value(crclumcd)=
11,33,CMP2200,多彩２,いのちの尊厳と福祉を考える,木下　武徳,春,2,1,MB01,1,2016年度以降1年次入学者対象科目,https://sy.rikkyo.ac.jp/timetable/slbssbdr.do?value(risyunen)=2017&value(semekikn)=1&value(kougicd)=FB125&value(crclumcd)=
11,33,CMP1100,学び精神,キャリアデザイン,久保　隆光,春,2,1,M301,1,2016年度以降1年次入学者対象科目,https://sy.rikkyo.ac.jp/timetable/slbssbdr.do?value(risyunen)=2017&value(semekikn)=1&value(kougicd)=FH179&value(crclumcd)=
11,33,CMP1100,学び精神,現代文化からみる学び,阿部　治,秋,2,1,X204,1,2016年度以降1年次入学者対象科目,https://sy.rikkyo.ac.jp/timetable/slbssbdr.do?value(risyunen)=2017&value(semekikn)=1&value(kougicd)=FH138&value(crclumcd)=
11,33,CMP2200,多彩２/主総Ａ２,国際情勢を読み解く,池上　彰,春,2,1,8202,1,nil,https://sy.rikkyo.ac.jp/timetable/slbssbdr.do?value(risyunen)=2017&value(semekikn)=1&value(kougicd)=FB150&value(crclumcd)=
11,33,CMP1100,学び精神,人文学からの学び（文学）,井出　万秀,春,2,1,8304,1,2016年度以降1年次入学者対象科目,https://sy.rikkyo.ac.jp/timetable/slbssbdr.do?value(risyunen)=2017&value(semekikn)=1&value(kougicd)=FH125&value(crclumcd)=
11,33,CMP1100,学び精神/総合自由,ＧＬ１０１,鄭　秀娟,秋,2,1,N433,2,経営学部所属学生履修不可/2016年度以降1年次入学者：学びの精神科目/2012～2015年度1年次入学者：総合自由科目,https://sy.rikkyo.ac.jp/timetable/slbssbdr.do?value(risyunen)=2017&value(semekikn)=1&value(kougicd)=FV108&value(crclumcd)=
11,33,CMP1220,スポーツ,スポーツスタディ２(セルフケア・エクササイズ),杉本　亮子,春,2,1,P401,1,nil,https://sy.rikkyo.ac.jp/timetable/slbssbdr.do?value(risyunen)=2017&value(semekikn)=1&value(kougicd)=FI723&value(crclumcd)=
11,33,CMP1220,スポーツ,スポーツスタディ２(セルフケア・エクササイズ),杉本　亮子,秋,2,1,P401,1,nil,https://sy.rikkyo.ac.jp/timetable/slbssbdr.do?value(risyunen)=2017&value(semekikn)=1&value(kougicd)=FI753&value(crclumcd)=
11,33,CMP2400,多彩４/主総Ａ４,スポーツと社会,後藤　光将,春,2,1,N431,2,nil,https://sy.rikkyo.ac.jp/timetable/slbssbdr.do?value(risyunen)=2017&value(semekikn)=1&value(kougicd)=FD014&value(crclumcd)=
11,33,CMP1210,スポーツ,スポーツプログラムＢ(ソフトボール),柳田　信也,春,2,1,NZA1,2,nil,https://sy.rikkyo.ac.jp/timetable/slbssbdr.do?value(risyunen)=2017&value(semekikn)=1&value(kougicd)=FI122&value(crclumcd)=
11,33,CMP1210,スポーツ,スポーツプログラムＢ(トレーニング初級),村本　伸幸,春,2,1,PB12,1,nil,https://sy.rikkyo.ac.jp/timetable/slbssbdr.do?value(risyunen)=2017&value(semekikn)=1&value(kougicd)=FI133&value(crclumcd)=
11,33,CMP1210,スポーツ,スポーツプログラムＧ(テニス),後藤　光将,秋,2,1,NZT1,2,nil,https://sy.rikkyo.ac.jp/timetable/slbssbdr.do?value(risyunen)=2017&value(semekikn)=1&value(kougicd)=FI221&value(crclumcd)=
11,33,CMP1210,スポーツ,スポーツプログラムＧ(バレーボール),村本　伸幸,秋,2,1,PB21,1,nil,https://sy.rikkyo.ac.jp/timetable/slbssbdr.do?value(risyunen)=2017&value(semekikn)=1&value(kougicd)=FI231&value(crclumcd)=
11,33,CMP2200,多彩２/主総Ａ２,世界経済と日本,山中　達也,秋,2,1,7101,1,nil,https://sy.rikkyo.ac.jp/timetable/slbssbdr.do?value(risyunen)=2017&value(semekikn)=1&value(kougicd)=FB502&value(crclumcd)=
11,33,CMP2100,多彩１/主総Ａ１,多文化の世界,大塚　直樹,春,2,1,N331,2,nil,https://sy.rikkyo.ac.jp/timetable/slbssbdr.do?value(risyunen)=2017&value(semekikn)=1&value(kougicd)=FA012&value(crclumcd)=
11,33,CMP2100,多彩１/主総Ａ１,多文化の世界,木村　自,春,2,1,5121,1,nil,https://sy.rikkyo.ac.jp/timetable/slbssbdr.do?value(risyunen)=2017&value(semekikn)=1&value(kougicd)=FA123&value(crclumcd)=
11,33,CMP1100,学び精神,伝統と革新の大学図書館,牛崎　進,春,2,1,A203,1,2016年度以降1年次入学者対象科目,https://sy.rikkyo.ac.jp/timetable/slbssbdr.do?value(risyunen)=2017&value(semekikn)=1&value(kougicd)=FH178&value(crclumcd)=
11,33,CMP2300,多彩３/主総Ａ３,美術と社会,黒岩　三恵,春,2,1,4402,1,nil,https://sy.rikkyo.ac.jp/timetable/slbssbdr.do?value(risyunen)=2017&value(semekikn)=1&value(kougicd)=FC113&value(crclumcd)=
11,33,CMP1100,学び精神,法と政治の世界,松田　宏一郎,秋,2,1,X304,1,2016年度以降1年次入学者対象科目/法学部所属学生随意科目（卒業要件単位に含むことはできない）,https://sy.rikkyo.ac.jp/timetable/slbssbdr.do?value(risyunen)=2017&value(semekikn)=1&value(kougicd)=FH140&value(crclumcd)=
11,33,CMP1100,学び精神,法と政治の世界,幡野　弘樹,秋,2,1,M302,1,2016年度以降1年次入学者対象科目/法学部所属学生随意科目（卒業要件単位に含むことはできない）,https://sy.rikkyo.ac.jp/timetable/slbssbdr.do?value(risyunen)=2017&value(semekikn)=1&value(kougicd)=FH142&value(crclumcd)=
11,33,CMP2100,多彩１,歴史への扉,高林　陽展,秋,2,1,8202,1,2016年度以降1年次入学者対象科目,https://sy.rikkyo.ac.jp/timetable/slbssbdr.do?value(risyunen)=2017&value(semekikn)=1&value(kougicd)=FA114&value(crclumcd)=
11,33,CMP2400,多彩４/主総Ａ４,アンチエイジングの科学,神野　宏司,春,2,2,N331,2,nil,https://sy.rikkyo.ac.jp/timetable/slbssbdr.do?value(risyunen)=2017&value(semekikn)=1&value(kougicd)=FD012&value(crclumcd)=
11,33,CMP2500,多彩５/主総Ａ５,宇宙の科学,須田　拓馬,春,2,2,7101,1,nil,https://sy.rikkyo.ac.jp/timetable/slbssbdr.do?value(risyunen)=2017&value(semekikn)=1&value(kougicd)=FE105&value(crclumcd)=
11,33,CMP2431,多彩４/主総Ａ４,Japanese Mind,ライトナー,秋,2,2,1202,1,nil,https://sy.rikkyo.ac.jp/timetable/slbssbdr.do?value(risyunen)=2017&value(semekikn)=1&value(kougicd)=FD501&value(crclumcd)=
11,33,CMP2350,多彩３/主総Ａ３,音楽論演習,増野　亜子,春,2,2,N853,2,nil,https://sy.rikkyo.ac.jp/timetable/slbssbdr.do?value(risyunen)=2017&value(semekikn)=1&value(kougicd)=FC008&value(crclumcd)=
11,33,CMP2100,多彩１,教育学への扉,越川　葉子,秋,2,2,N212,2,2016年度以降1年次入学者対象科目,https://sy.rikkyo.ac.jp/timetable/slbssbdr.do?value(risyunen)=2017&value(semekikn)=1&value(kougicd)=FA029&value(crclumcd)=
11,33,CMP2200,多彩２/主総Ａ２,景気・格差問題と統計情報,坂田　大輔,秋,2,2,N321,2,nil,https://sy.rikkyo.ac.jp/timetable/slbssbdr.do?value(risyunen)=2017&value(semekikn)=1&value(kougicd)=FB002&value(crclumcd)=
11,33,CMP2400,多彩４/主総Ａ４,健康の科学,高橋　健太郎,春,2,2,MB01,1,nil,https://sy.rikkyo.ac.jp/timetable/slbssbdr.do?value(risyunen)=2017&value(semekikn)=1&value(kougicd)=FD116&value(crclumcd)=
11,33,CMP2500,多彩５/主総Ａ５,行動の科学,近藤　紀子,秋,2,2,N852,2,nil,https://sy.rikkyo.ac.jp/timetable/slbssbdr.do?value(risyunen)=2017&value(semekikn)=1&value(kougicd)=FE008&value(crclumcd)=
11,33,CMP1100,学び精神,国際社会の中の宗教,小野　仁美,春,2,2,N852,2,2016年度以降1年次入学者対象科目,https://sy.rikkyo.ac.jp/timetable/slbssbdr.do?value(risyunen)=2017&value(semekikn)=1&value(kougicd)=FH006&value(crclumcd)=
11,33,CMP2400,多彩４/主総Ａ４,心の健康,岡島　義,春,2,2,N8B1,2,nil,https://sy.rikkyo.ac.jp/timetable/slbssbdr.do?value(risyunen)=2017&value(semekikn)=1&value(kougicd)=FD005&value(crclumcd)=
11,33,CMP2500,多彩５/主Ａ５,情報科学Ａ,古賀　ひろみ,春,2,2,N215,2,2006年度以降1年次入学者対象科目,https://sy.rikkyo.ac.jp/timetable/slbssbdr.do?value(risyunen)=2017&value(semekikn)=1&value(kougicd)=FE012&value(crclumcd)=
11,33,CMP2500,多彩５/主Ａ５,情報科学Ｂ,古賀　ひろみ,秋,2,2,N215,2,2006年度以降1年次入学者対象科目,https://sy.rikkyo.ac.jp/timetable/slbssbdr.do?value(risyunen)=2017&value(semekikn)=1&value(kougicd)=FE013&value(crclumcd)=
11,33,CMP2100,多彩１,人権思想の根源,岩川　ありさ,春,2,2,N636,2,2016年度以降1年次入学者対象科目,https://sy.rikkyo.ac.jp/timetable/slbssbdr.do?value(risyunen)=2017&value(semekikn)=1&value(kougicd)=FA014&value(crclumcd)=
11,33,CMP1100,学び精神,人文学からの学び（史学）,明田川　融,春,2,2,8202,1,2016年度以降1年次入学者対象科目,https://sy.rikkyo.ac.jp/timetable/slbssbdr.do?value(risyunen)=2017&value(semekikn)=1&value(kougicd)=FH130&value(crclumcd)=
11,33,CMP1100,学び精神,思想を生み出すキリスト教,廣石　望,春,2,2,8303,1,2016年度以降1年次入学者対象科目,https://sy.rikkyo.ac.jp/timetable/slbssbdr.do?value(risyunen)=2017&value(semekikn)=1&value(kougicd)=FH105&value(crclumcd)=
11,33,CMP1220,スポーツ,スポーツスタディ１(太極拳),佐野　信子,春,2,2,NTE1,2,nil,https://sy.rikkyo.ac.jp/timetable/slbssbdr.do?value(risyunen)=2017&value(semekikn)=1&value(kougicd)=FI603&value(crclumcd)=
11,33,CMP1220,スポーツ,スポーツスタディ２(セルフケア・エクササイズ),杉本　亮子,春,2,2,P401,1,nil,https://sy.rikkyo.ac.jp/timetable/slbssbdr.do?value(risyunen)=2017&value(semekikn)=1&value(kougicd)=FI724&value(crclumcd)=
11,33,CMP1220,スポーツ,スポーツスタディ２(ウォーター・エクササイズ),小谷　実可子,春,2,2,PB11,1,nil,https://sy.rikkyo.ac.jp/timetable/slbssbdr.do?value(risyunen)=2017&value(semekikn)=1&value(kougicd)=FI738&value(crclumcd)=
11,33,CMP1220,スポーツ,スポーツスタディ２(セルフケア・エクササイズ),杉本　亮子,秋,2,2,P401,1,nil,https://sy.rikkyo.ac.jp/timetable/slbssbdr.do?value(risyunen)=2017&value(semekikn)=1&value(kougicd)=FI754&value(crclumcd)=
11,33,CMP1220,スポーツ,スポーツスタディ２(ウォーター・エクササイズ),小谷　実可子,秋,2,2,PB11,1,nil,https://sy.rikkyo.ac.jp/timetable/slbssbdr.do?value(risyunen)=2017&value(semekikn)=1&value(kougicd)=FI766&value(crclumcd)=
11,33,CMP1210,スポーツ,スポーツプログラムＢ(テニス),後藤　光将,春,2,2,NZT1,2,nil,https://sy.rikkyo.ac.jp/timetable/slbssbdr.do?value(risyunen)=2017&value(semekikn)=1&value(kougicd)=FI121&value(crclumcd)=
11,33,CMP1210,スポーツ,スポーツプログラムＢ(ソフトボール),柳田　信也,春,2,2,NZA1,2,nil,https://sy.rikkyo.ac.jp/timetable/slbssbdr.do?value(risyunen)=2017&value(semekikn)=1&value(kougicd)=FI123&value(crclumcd)=
11,33,CMP1210,スポーツ,スポーツプログラムＢ(バレーボール),村本　伸幸,春,2,2,PB21,1,nil,https://sy.rikkyo.ac.jp/timetable/slbssbdr.do?value(risyunen)=2017&value(semekikn)=1&value(kougicd)=FI131&value(crclumcd)=
11,33,CMP1210,スポーツ,スポーツプログラムＧ(ソフトボール),柳田　信也,秋,2,2,NZA1,2,nil,https://sy.rikkyo.ac.jp/timetable/slbssbdr.do?value(risyunen)=2017&value(semekikn)=1&value(kougicd)=FI222&value(crclumcd)=
11,33,CMP1210,スポーツ,スポーツプログラムＧ(バレーボール),村本　伸幸,秋,2,2,PB21,1,nil,https://sy.rikkyo.ac.jp/timetable/slbssbdr.do?value(risyunen)=2017&value(semekikn)=1&value(kougicd)=FI232&value(crclumcd)=
